continuation_epoch,train_loss,validation_loss,legal_top1_accuracy,legal_top3_accuracy,value_mae,learning_rate,elapsed_seconds
1,2.7654631783792567,2.6144242386461687,0.3263037436651954,0.5097269903547491,0.5833256167875935,5e-05,146.97
2,2.75026146628656,2.6069609754826484,0.3251593918587543,0.5154487493869544,0.5795067134822567,4.9088591906326194e-05,269.51
3,2.7373064380370367,2.6131801011224423,0.3166584927251921,0.5097269903547491,0.5819502107961049,4.6428204488701576e-05,382.29
4,2.7354510153646294,2.6081196309227326,0.31420631028281837,0.5089095962072911,0.580404946904216,4.223436651376892e-05,488.95
5,2.723285011100539,2.6036265267448058,0.3269576589831617,0.5174104953408534,0.582613723855286,3.6846837792542446e-05,592.34
6,2.716224378378922,2.5981216156270275,0.32646722249468696,0.5144678764100049,0.5818545679962672,3.070208386114892e-05,695.97
7,2.7123562957356255,2.59747367468811,0.31862023867909106,0.5195357201242439,0.5840024177167118,2.4297916138851086e-05,799.04
8,2.7103905618240542,2.5953877481619907,0.3184567598495995,0.5108713421611901,0.5835543938744823,1.815316220745756e-05,902.44
9,2.704359779041995,2.5933616337129957,0.31878371750858264,0.5131600457740723,0.5829990315869955,1.2765633486231087e-05,1007.91
10,2.70298347140416,2.5888841774644114,0.32842896844858593,0.5170835376818702,0.5823257193955912,8.571795511298421e-06,1123.97
11,2.70248225838087,2.588693901236314,0.32842896844858593,0.5139774399215301,0.5829396461064624,5.9114080936738125e-06,1232.01
12,2.7004355408612857,2.5891426414061316,0.3200915481445153,0.5188818048062775,0.5828823232175245,5e-06,1340.68
